{
	"type":"Live2D Model Setting",
	"name":"haru",
	"model":"haru_01.moc",
	"textures":
	[
		"haru_01.1024/texture2.png",
		"haru_01.1024/texture1.png",
		"haru_01.1024/texture0.png"
	],
	"physics":"haru.physics.json",
	"pose":"haru.pose.json",
	"expressions":
	[
		{"name":"f01","file":"expressions/f01.exp.json"},
		{"name":"f02","file":"expressions/f02.exp.json"},
		{"name":"f03","file":"expressions/f03.exp.json"},
		{"name":"f04","file":"expressions/f04.exp.json"},
		{"name":"f05","file":"expressions/f05.exp.json"},
		{"name":"f06","file":"expressions/f06.exp.json"},
		{"name":"f07","file":"expressions/f07.exp.json"},
		{"name":"f08","file":"expressions/f08.exp.json"}
	],
	"layout":
	{
		"center_x":0,
		"y":1.2,
		"width":2.9
	},
	"hit_areas":
	[
		{"name":"head", "id":"D_REF.HEAD"},
		{"name":"body", "id":"D_REF.BODY"}
	],
	"motions":
	{
		"idle":
		[
			{"file":"motions/idle_00.mtn" ,"fade_in":2000, "fade_out":2000},
			{"file":"motions/idle_01.mtn" ,"fade_in":2000, "fade_out":2000},
			{"file":"motions/idle_02.mtn" ,"fade_in":2000, "fade_out":2000}
		],
		"tap_body":
		[
			{ "file":"motions/tapBody_00.mtn" , "sound":"sounds/tapBody_00.mp3"},
			{ "file":"motions/tapBody_01.mtn" , "sound":"sounds/tapBody_01.mp3"},
			{ "file":"motions/tapBody_02.mtn" , "sound":"sounds/tapBody_02.mp3"}
		],
		"pinch_in":
		[
			{ "file":"motions/pinchIn_00.mtn", "sound":"sounds/pinchIn_00.mp3" }
		],
		"pinch_out":
		[
			{ "file":"motions/pinchOut_00.mtn", "sound":"sounds/pinchOut_00.mp3" }
		],
		"shake":
		[
			{ "file":"motions/shake_00.mtn", "sound":"sounds/shake_00.mp3","fade_in":500 }
		],
		"flick_head":
		[
			{ "file":"motions/flickHead_00.mtn", "sound":"sounds/flickHead_00.mp3" }
		]
	}
}